{
    "final_loss": 0.06669417326709942,
    "best_loss": 0.06457101869197043,
    "final_accuracy": 0.9811,
    "best_accuracy": 0.9813,
    "best_loss_round": 678,
    "best_acc_round": 901,
    "mean_round_time": 0.4701431405544281,
    "std_round_time": 0.29089277017614595,
    "total_training_time": 470.1431405544281,
    "initial_model_size_MB": 0.409373,
    "final_model_size_MB": 0.409373,
    "best_acc_model_size_MB": 0.409373,
    "best_loss_model_size_MB": 0.409373,
    "size_reduction_MB": 0.0,
    "size_reduction_pct": 0.0,
    "size_reduction_best_acc_MB": 0.0,
    "size_reduction_pct_best_acc": 0.0,
    "size_reduction_best_loss_MB": 0.0,
    "size_reduction_pct_best_loss": 0.0,
    "accuracy_per_MB": 2.397080413217286
}