{
    "final_loss": 1.4258562410518099,
    "best_loss": 0.7805059068500043,
    "final_accuracy": 0.7368,
    "best_accuracy": 0.7454,
    "best_loss_round": 152,
    "best_acc_round": 215,
    "mean_round_time": 4.780125750303268,
    "std_round_time": 3.015256552624003,
    "total_training_time": 4780.125750303268,
    "initial_model_size_MB": 44.805259,
    "final_model_size_MB": 44.805259,
    "best_acc_model_size_MB": 44.805259,
    "best_loss_model_size_MB": 44.805259,
    "size_reduction_MB": 0.0,
    "size_reduction_pct": 0.0,
    "size_reduction_best_acc_MB": 0.0,
    "size_reduction_pct_best_acc": 0.0,
    "size_reduction_best_loss_MB": 0.0,
    "size_reduction_pct_best_loss": 0.0,
    "accuracy_per_MB": 0.01663643993219635
}